{
  "name": "cyberpunk-red-importer",
  "title": "Cyberpunk RED Whale Statblock Importer",
  "description": "Import JSON statblocks generated by The Whale into Foundry VTT's Cyberpunk RED Core system.",
  "version": "1.0.2",
  "author": "LaboonLaboon",
  "minimumCoreVersion": "11",
  "compatibleCoreVersion": "11",
  "scripts": ["scripts/importer.js"],
  "styles": [],
  "esmodules": [],
  "packs": [],
  "socket": false,
  "languages": [],
  "url": "https://github.com/LaboonLaboon/fvtt-cyberpunk-red-importer",
  "manifest": "https://github.com/LaboonLaboon/fvtt-cyberpunk-red-importer/raw/main/module.json",
  "download": "https://github.com/LaboonLaboon/fvtt-cyberpunk-red-importer/archive/refs/heads/main.zip",
  "dependencies": [
    {"name": "cyberpunk-red-core", "type": "system", "manifest": "https://gitlab.com/cyberpunk-red-team/fvtt-cyberpunk-red-core/-/raw/master/module.json"}
  ]
}